{"stats":{"minecraft:broken":{"minecraft:stone_pickaxe":1,"minecraft:diamond_axe":1},"minecraft:killed_by":{"minecraft:player":2},"minecraft:used":{"minecraft:beetroot":18,"minecraft:enchanting_table":2,"minecraft:ladder":5,"minecraft:chest":8,"minecraft:spruce_planks":8,"minecraft:shield":5,"minecraft:cooked_salmon":29,"minecraft:bell":1,"minecraft:rotten_flesh":2,"minecraft:oak_door":2,"minecraft:torch":57,"minecraft:dirt":162,"minecraft:anvil":1,"minecraft:carrot":15,"minecraft:diamond_helmet":1,"minecraft:yellow_carpet":1,"minecraft:tuff":4,"minecraft:granite":6,"minecraft:glass":118,"minecraft:oak_stairs":271,"minecraft:diamond_chestplate":1,"minecraft:bow":5,"minecraft:furnace":10,"minecraft:cooked_beef":11,"minecraft:cobbled_deepslate":452,"minecraft:wheat_seeds":7,"minecraft:cooked_mutton":11,"minecraft:water_bucket":13,"minecraft:diamond_boots":1,"minecraft:birch_planks":1,"minecraft:baked_potato":1,"minecraft:oak_planks":807,"minecraft:sugar_cane":46,"minecraft:stone_pickaxe":145,"minecraft:wooden_pickaxe":37,"minecraft:diamond_axe":2101,"minecraft:cherry_planks":1,"minecraft:salmon":5,"minecraft:sand":11,"minecraft:oak_slab":182,"minecraft:crafting_table":19,"minecraft:white_bed":8,"minecraft:oak_log":310,"minecraft:cornflower":1,"minecraft:diamond_pickaxe":2409,"minecraft:apple":11,"minecraft:diamond_shovel":261,"minecraft:iron_pickaxe":209,"minecraft:bread":11,"minecraft:oak_pressure_plate":6,"minecraft:stone_axe":74,"minecraft:purple_bed":2,"minecraft:cobblestone":430,"minecraft:cooked_porkchop":15,"minecraft:andesite":26,"minecraft:bucket":14,"minecraft:glass_pane":24,"minecraft:yellow_bed":6,"minecraft:stripped_oak_log":5,"minecraft:diamond_leggings":2},"minecraft:crafted":{"minecraft:cherry_planks":32,"minecraft:oak_planks":1296,"minecraft:furnace":6,"minecraft:diamond_shovel":1,"minecraft:cooked_mutton":11,"minecraft:glass":101,"minecraft:diamond_helmet":1,"minecraft:diamond_leggings":2,"minecraft:ladder":6,"minecraft:stone_pickaxe":2,"minecraft:chest":8,"minecraft:diamond_boots":1,"minecraft:cooked_beef":11,"minecraft:oak_slab":144,"minecraft:cooked_porkchop":25,"minecraft:diamond_axe":2,"minecraft:crafting_table":8,"minecraft:spruce_planks":28,"minecraft:enchanting_table":1,"minecraft:wooden_pickaxe":2,"minecraft:iron_helmet":1,"minecraft:cooked_salmon":17,"minecraft:bucket":2,"minecraft:birch_planks":24,"minecraft:stone_axe":2,"minecraft:air":0,"minecraft:book":4,"minecraft:paper":15,"minecraft:diamond_pickaxe":4,"minecraft:shield":1,"minecraft:stick":72,"minecraft:iron_ingot":41,"minecraft:oak_stairs":152,"minecraft:iron_pickaxe":1,"minecraft:wooden_axe":2,"minecraft:iron_block":3,"minecraft:anvil":1,"minecraft:torch":16,"minecraft:diamond_chestplate":1},"minecraft:picked_up":{"minecraft:crafting_table":15,"minecraft:wheat":1,"minecraft:chicken":7,"minecraft:ladder":8,"minecraft:lead":1,"minecraft:oak_stairs":166,"minecraft:enchanted_book":11,"minecraft:brewing_stand":1,"minecraft:shield":6,"minecraft:cornflower":1,"minecraft:string":32,"minecraft:cooked_salmon":15,"minecraft:raw_copper":17,"minecraft:glass_pane":236,"minecraft:beetroot":54,"minecraft:diamond_leggings":5,"minecraft:cartography_table":2,"minecraft:cobbled_deepslate":862,"minecraft:bucket":1,"minecraft:spruce_planks":58,"minecraft:beef":46,"minecraft:poppy":12,"minecraft:spruce_slab":1160,"minecraft:sugar_cane":126,"minecraft:furnace":5,"minecraft:egg":1,"minecraft:raw_iron":149,"minecraft:stick":81,"minecraft:oak_door":15,"minecraft:composter":4,"minecraft:oak_fence":17,"minecraft:torch":48,"minecraft:porkchop":52,"minecraft:cherry_log":8,"minecraft:diorite":68,"minecraft:carrot":22,"minecraft:redstone":6,"minecraft:arrow":6,"minecraft:rotten_flesh":120,"minecraft:diamond_chestplate":7,"minecraft:diamond_boots":6,"minecraft:white_terracotta":7,"minecraft:mutton":33,"minecraft:obsidian":10,"minecraft:white_wool":19,"minecraft:cobblestone":1038,"minecraft:birch_log":6,"minecraft:stripped_oak_log":24,"minecraft:enchanting_table":7,"minecraft:feather":4,"minecraft:andesite":80,"minecraft:water_bucket":4,"minecraft:salmon":29,"minecraft:leather":25,"minecraft:brown_wool":1,"minecraft:flint":6,"minecraft:tuff":39,"minecraft:oak_log":800,"minecraft:yellow_bed":6,"minecraft:gunpowder":13,"minecraft:cobblestone_stairs":2,"minecraft:lapis_lazuli":503,"minecraft:dirt":307,"minecraft:bone":10,"minecraft:apple":20,"minecraft:stone_bricks":28,"minecraft:bow":3,"minecraft:wheat_seeds":36,"minecraft:bell":1,"minecraft:grindstone":2,"minecraft:iron_ingot":172,"minecraft:stone_pickaxe":2,"minecraft:diamond_helmet":7,"minecraft:oak_planks":654,"minecraft:oak_slab":65,"minecraft:cooked_porkchop":7,"minecraft:pumpkin":3,"minecraft:dandelion":1,"minecraft:oak_pressure_plate":20,"minecraft:dripstone_block":31,"minecraft:gravel":8,"minecraft:sand":192,"minecraft:spruce_sapling":2,"minecraft:ink_sac":2,"minecraft:spruce_log":7,"minecraft:white_bed":8,"minecraft:grass_block":5,"minecraft:spider_eye":4,"minecraft:mossy_cobblestone":1,"minecraft:purple_bed":2,"minecraft:diamond_shovel":6,"minecraft:sugar":2,"minecraft:yellow_carpet":1,"minecraft:diamond":330,"minecraft:stone_axe":2,"minecraft:granite":37,"minecraft:diamond_axe":6,"minecraft:bone_meal":1,"minecraft:bread":1,"minecraft:baked_potato":35,"minecraft:oak_sapling":4,"minecraft:black_wool":1,"minecraft:coal":59,"minecraft:diamond_pickaxe":16,"minecraft:ender_pearl":4},"minecraft:custom":{"minecraft:interact_with_anvil":12,"minecraft:mob_kills":214,"minecraft:interact_with_crafting_table":88,"minecraft:bell_ring":28,"minecraft:leave_game":6,"minecraft:time_since_death":136960,"minecraft:climb_one_cm":12183,"minecraft:sprint_one_cm":1154049,"minecraft:walk_one_cm":1167669,"minecraft:damage_blocked_by_shield":272,"minecraft:drop":296,"minecraft:talked_to_villager":2,"minecraft:play_time":499837,"minecraft:sneak_time":28750,"minecraft:deaths":9,"minecraft:walk_under_water_one_cm":29146,"minecraft:jump":10103,"minecraft:walk_on_water_one_cm":48688,"minecraft:enchant_item":12,"minecraft:total_world_time":499837,"minecraft:interact_with_furnace":131,"minecraft:sleep_in_bed":19,"minecraft:time_since_rest":136991,"minecraft:damage_taken":5346,"minecraft:damage_dealt":37975,"minecraft:player_kills":3,"minecraft:swim_one_cm":78602,"minecraft:fly_one_cm":1745343,"minecraft:open_chest":80,"minecraft:crouch_one_cm":57311,"minecraft:fall_one_cm":218108},"minecraft:killed":{"minecraft:witch":1,"minecraft:spider":11,"minecraft:skeleton":10,"minecraft:chicken":8,"minecraft:drowned":3,"minecraft:pig":27,"minecraft:zombie_villager":1,"minecraft:salmon":32,"minecraft:iron_golem":14,"minecraft:creeper":8,"minecraft:squid":3,"minecraft:sheep":24,"minecraft:zombie":35,"minecraft:villager":4,"minecraft:enderman":4,"minecraft:cow":18},"minecraft:mined":{"minecraft:diamond_ore":5,"minecraft:tuff":39,"minecraft:white_bed":10,"minecraft:mossy_cobblestone":7,"minecraft:deepslate_diamond_ore":225,"minecraft:cobblestone_stairs":2,"minecraft:cherry_log":8,"minecraft:ladder":5,"minecraft:granite":48,"minecraft:grass_block":31,"minecraft:yellow_carpet":1,"minecraft:oak_pressure_plate":3,"minecraft:spruce_leaves":7,"minecraft:composter":2,"minecraft:oak_wall_sign":1,"minecraft:spawner":1,"minecraft:large_fern":1,"minecraft:tall_seagrass":1,"minecraft:carrots":8,"minecraft:spruce_sapling":1,"minecraft:furnace":6,"minecraft:iron_ore":30,"minecraft:fire":2,"minecraft:cobbled_deepslate":10,"minecraft:andesite":95,"minecraft:pumpkin":3,"minecraft:deepslate_lapis_ore":4,"minecraft:enchanting_table":1,"minecraft:bell":1,"minecraft:dirt_path":1,"minecraft:oak_sign":1,"minecraft:deepslate_iron_ore":11,"minecraft:oak_stairs":167,"minecraft:stripped_oak_log":35,"minecraft:stone":660,"minecraft:oak_slab":33,"minecraft:glass_pane":8,"minecraft:dandelion":1,"minecraft:oak_fence":12,"minecraft:cornflower":1,"minecraft:crafting_table":12,"minecraft:torch":14,"minecraft:short_grass":105,"minecraft:copper_ore":6,"minecraft:tall_grass":12,"minecraft:glass":4,"minecraft:cobblestone":265,"minecraft:spruce_wall_sign":2,"minecraft:oak_planks":445,"minecraft:lapis_ore":16,"minecraft:sugar_cane":49,"minecraft:grindstone":1,"minecraft:diorite":94,"minecraft:wall_torch":18,"minecraft:deepslate_copper_ore":1,"minecraft:white_terracotta":23,"minecraft:pink_petals":1,"minecraft:seagrass":1,"minecraft:purple_bed":10,"minecraft:birch_log":6,"minecraft:wheat":2,"minecraft:spruce_log":7,"minecraft:birch_leaves":1,"minecraft:yellow_bed":4,"minecraft:coal_ore":28,"minecraft:oak_log":600,"minecraft:gravel":38,"minecraft:dirt":173,"minecraft:sand":137,"minecraft:dripstone_block":31,"minecraft:oak_leaves":34,"minecraft:deepslate":1070},"minecraft:dropped":{"minecraft:enchanted_book":1,"minecraft:iron_ingot":43,"minecraft:iron_sword":1,"minecraft:wheat_seeds":17,"minecraft:oak_pressure_plate":10,"minecraft:baked_potato":6,"minecraft:mossy_cobblestone":1,"minecraft:diamond":111,"minecraft:feather":4,"minecraft:diamond_leggings":1,"minecraft:oak_fence":11,"minecraft:iron_helmet":1,"minecraft:cobblestone":66,"minecraft:lead":1,"minecraft:apple":1,"minecraft:flint":1,"minecraft:stick":64,"minecraft:dirt":5,"minecraft:diorite":41,"minecraft:wooden_axe":1,"minecraft:brown_wool":1,"minecraft:cherry_planks":31,"minecraft:diamond_helmet":2,"minecraft:oak_stairs":1,"minecraft:iron_pickaxe":1,"minecraft:bucket":1,"minecraft:dandelion":1,"minecraft:oak_door":1,"minecraft:gravel":1,"minecraft:stone_axe":2,"minecraft:sugar_cane":39,"minecraft:cobbled_deepslate":130,"minecraft:tuff":1,"minecraft:wheat":1,"minecraft:composter":2,"minecraft:rotten_flesh":43,"minecraft:grindstone":1,"minecraft:iron_boots":1,"minecraft:oak_planks":84,"minecraft:diamond_shovel":1,"minecraft:stripped_oak_log":1,"minecraft:white_terracotta":7,"minecraft:glass_pane":52,"minecraft:poppy":10,"minecraft:gunpowder":2,"minecraft:diamond_chestplate":1,"minecraft:spruce_planks":19,"minecraft:diamond_pickaxe":3,"minecraft:andesite":7,"minecraft:ladder":3,"minecraft:spider_eye":2,"minecraft:stone_bricks":7,"minecraft:diamond_boots":1,"minecraft:spruce_slab":356,"minecraft:stone_pickaxe":1,"minecraft:wooden_pickaxe":1}},"DataVersion":4082}