{"stats":{"minecraft:killed_by":{"minecraft:creeper":2,"minecraft:zombie":7,"minecraft:player":3,"minecraft:spider":2,"minecraft:iron_golem":1,"minecraft:slime":1,"minecraft:skeleton":2},"minecraft:broken":{"minecraft:iron_shovel":12,"minecraft:stone_pickaxe":1,"minecraft:stone_axe":4,"minecraft:stone_shovel":2,"minecraft:iron_hoe":2,"minecraft:stone_hoe":1,"minecraft:wooden_pickaxe":1,"minecraft:wooden_hoe":1},"minecraft:mined":{"minecraft:spruce_planks":16,"minecraft:white_bed":4,"minecraft:farmland":97,"minecraft:cobblestone_stairs":35,"minecraft:brewing_stand":1,"minecraft:granite":25,"minecraft:grass_block":1366,"minecraft:oak_pressure_plate":7,"minecraft:composter":2,"minecraft:oak_wall_sign":3,"minecraft:oxeye_daisy":1,"minecraft:tall_seagrass":1,"minecraft:iron_ore":63,"minecraft:cobbled_deepslate":66,"minecraft:fire":9,"minecraft:deepslate_lapis_ore":7,"minecraft:azure_bluet":1,"minecraft:oak_sign":3,"minecraft:dirt_path":1191,"minecraft:oak_stairs":514,"minecraft:iron_bars":2,"minecraft:spruce_slab":11,"minecraft:deepslate_redstone_ore":1,"minecraft:clay":1,"minecraft:torch":52,"minecraft:poppy":2,"minecraft:chest":9,"minecraft:white_stained_glass_pane":10,"minecraft:spruce_wall_sign":1,"minecraft:cobblestone":1127,"minecraft:sugar_cane":28,"minecraft:oak_planks":545,"minecraft:wall_torch":39,"minecraft:spruce_sign":3,"minecraft:white_terracotta":39,"minecraft:wheat":366,"minecraft:stripped_oak_wood":1,"minecraft:smooth_stone_slab":15,"minecraft:yellow_stained_glass_pane":10,"minecraft:oak_log":553,"minecraft:beetroots":123,"minecraft:oak_fence_gate":1,"minecraft:sand":843,"minecraft:dirt":670,"minecraft:netherrack":9,"minecraft:oak_leaves":62,"minecraft:deepslate":41,"minecraft:mossy_cobblestone":63,"minecraft:deepslate_diamond_ore":45,"minecraft:oak_door":8,"minecraft:glow_lichen":2,"minecraft:ladder":2,"minecraft:spruce_leaves":15,"minecraft:cartography_table":3,"minecraft:cherry_wall_sign":3,"minecraft:hay_block":9,"minecraft:furnace":9,"minecraft:carrots":54,"minecraft:andesite":3,"minecraft:gold_block":1,"minecraft:bell":2,"minecraft:potatoes":82,"minecraft:deepslate_iron_ore":25,"minecraft:cobblestone_slab":2,"minecraft:stripped_oak_log":38,"minecraft:stone":192,"minecraft:oak_slab":58,"minecraft:glass_pane":54,"minecraft:cherry_planks":1,"minecraft:snow_block":1,"minecraft:dandelion":5,"minecraft:oak_fence":82,"minecraft:crafting_table":18,"minecraft:cornflower":2,"minecraft:short_grass":250,"minecraft:tall_grass":7,"minecraft:deepslate_coal_ore":6,"minecraft:lapis_ore":12,"minecraft:deepslate_gold_ore":23,"minecraft:diorite":3,"minecraft:purple_bed":2,"minecraft:cobblestone_wall":3,"minecraft:spruce_log":105,"minecraft:yellow_bed":4,"minecraft:coal_ore":217,"minecraft:gravel":27,"minecraft:dripstone_block":2,"minecraft:stone_bricks":18,"minecraft:gold_ore":4},"minecraft:killed":{"minecraft:spider":10,"minecraft:skeleton":16,"minecraft:chicken":6,"minecraft:pig":20,"minecraft:salmon":8,"minecraft:creeper":8,"minecraft:sheep":5,"minecraft:zombie":34,"minecraft:cow":16,"minecraft:squid":2},"minecraft:crafted":{"minecraft:oak_planks":1412,"minecraft:oak_sign":6,"minecraft:purple_bed":2,"minecraft:stone":199,"minecraft:cooked_mutton":5,"minecraft:diamond_helmet":1,"minecraft:diamond_leggings":1,"minecraft:iron_boots":1,"minecraft:chest":11,"minecraft:stone_hoe":1,"minecraft:stone_bricks":128,"minecraft:oak_fence":246,"minecraft:oak_slab":390,"minecraft:cooked_porkchop":19,"minecraft:diamond_axe":2,"minecraft:crafting_table":6,"minecraft:spruce_planks":400,"minecraft:wooden_pickaxe":1,"minecraft:baked_potato":34,"minecraft:wooden_hoe":2,"minecraft:cherry_sign":3,"minecraft:diamond_pickaxe":2,"minecraft:purple_dye":4,"minecraft:shield":5,"minecraft:stick":760,"minecraft:iron_ingot":11,"minecraft:iron_pickaxe":3,"minecraft:gold_ingot":26,"minecraft:shears":1,"minecraft:oak_door":3,"minecraft:stone_shovel":2,"minecraft:furnace":10,"minecraft:flint_and_steel":1,"minecraft:spruce_stairs":4,"minecraft:ladder":12,"minecraft:spruce_slab":510,"minecraft:iron_hoe":3,"minecraft:stone_pickaxe":3,"minecraft:diamond_boots":1,"minecraft:cobbled_deepslate_stairs":4,"minecraft:wheat":72,"minecraft:cooked_beef":24,"minecraft:red_dye":2,"minecraft:spruce_sign":6,"minecraft:bucket":4,"minecraft:stone_axe":6,"minecraft:bread":138,"minecraft:air":0,"minecraft:blue_dye":2,"minecraft:wooden_axe":1,"minecraft:writable_book":1,"minecraft:iron_shovel":14,"minecraft:white_bed":2,"minecraft:torch":28,"minecraft:diamond_chestplate":2},"minecraft:custom":{"minecraft:animals_bred":7,"minecraft:interact_with_crafting_table":123,"minecraft:bell_ring":25,"minecraft:leave_game":18,"minecraft:time_since_death":89604,"minecraft:sprint_one_cm":2073996,"minecraft:damage_blocked_by_shield":3073,"minecraft:drop":153,"minecraft:talked_to_villager":1,"minecraft:play_time":956763,"minecraft:deaths":21,"minecraft:jump":13120,"minecraft:walk_on_water_one_cm":152529,"minecraft:interact_with_furnace":99,"minecraft:interact_with_cartography_table":2,"minecraft:sleep_in_bed":40,"minecraft:damage_dealt":20751,"minecraft:crouch_one_cm":55899,"minecraft:mob_kills":132,"minecraft:climb_one_cm":9316,"minecraft:walk_one_cm":1768677,"minecraft:sneak_time":28162,"minecraft:walk_under_water_one_cm":44649,"minecraft:total_world_time":956763,"minecraft:time_since_rest":4967,"minecraft:damage_taken":9822,"minecraft:swim_one_cm":109704,"minecraft:fly_one_cm":2576085,"minecraft:open_chest":493,"minecraft:fall_one_cm":272173},"minecraft:picked_up":{"minecraft:wheat":393,"minecraft:oak_stairs":626,"minecraft:enchanted_book":2,"minecraft:golden_shovel":1,"minecraft:brewing_stand":1,"minecraft:string":17,"minecraft:smooth_stone_slab":15,"minecraft:oak_sign":9,"minecraft:beetroot":203,"minecraft:cobbled_deepslate":159,"minecraft:bucket":3,"minecraft:spruce_planks":213,"minecraft:cobblestone_slab":2,"minecraft:iron_pickaxe":3,"minecraft:iron_boots":1,"minecraft:furnace":12,"minecraft:stick":735,"minecraft:composter":4,"minecraft:oak_fence":98,"minecraft:torch":354,"minecraft:porkchop":44,"minecraft:pointed_dripstone":11,"minecraft:diorite":8,"minecraft:rotten_flesh":100,"minecraft:white_terracotta":110,"minecraft:obsidian":2,"minecraft:snowball":53,"minecraft:cobblestone":1526,"minecraft:feather":3,"minecraft:cooked_beef":12,"minecraft:cherry_planks":32,"minecraft:water_bucket":5,"minecraft:andesite":17,"minecraft:potato":308,"minecraft:flint":2,"minecraft:map":1,"minecraft:lapis_lazuli":219,"minecraft:dirt":4579,"minecraft:name_tag":1,"minecraft:bone":33,"minecraft:bow":2,"minecraft:wheat_seeds":1045,"minecraft:raw_gold":35,"minecraft:bell":2,"minecraft:grindstone":2,"minecraft:oak_planks":2637,"minecraft:cooked_porkchop":8,"minecraft:oak_pressure_plate":6,"minecraft:sand":950,"minecraft:ink_sac":5,"minecraft:mossy_cobblestone":58,"minecraft:iron_hoe":2,"minecraft:diamond":90,"minecraft:granite":42,"minecraft:spruce_sign":8,"minecraft:bread":233,"minecraft:emerald":2,"minecraft:oak_sapling":10,"minecraft:netherrack":16,"minecraft:diamond_pickaxe":6,"minecraft:crafting_table":20,"minecraft:azure_bluet":2,"minecraft:chicken":6,"minecraft:ladder":11,"minecraft:clay_ball":4,"minecraft:golden_pickaxe":1,"minecraft:gold_block":1,"minecraft:shield":6,"minecraft:cornflower":5,"minecraft:flint_and_steel":1,"minecraft:iron_shovel":4,"minecraft:glass_pane":182,"minecraft:cartography_table":6,"minecraft:beef":30,"minecraft:poppy":9,"minecraft:spruce_slab":1875,"minecraft:sugar_cane":110,"minecraft:chest":9,"minecraft:egg":2,"minecraft:raw_iron":137,"minecraft:stone":27,"minecraft:oak_door":15,"minecraft:carrot":333,"minecraft:redstone":5,"minecraft:arrow":22,"minecraft:diamond_chestplate":5,"minecraft:beetroot_seeds":370,"minecraft:diamond_boots":1,"minecraft:hay_block":9,"minecraft:mutton":9,"minecraft:white_wool":17,"minecraft:oxeye_daisy":1,"minecraft:stripped_oak_log":36,"minecraft:glow_ink_sac":16,"minecraft:salmon":8,"minecraft:leather":16,"minecraft:oak_log":576,"minecraft:gunpowder":16,"minecraft:golden_boots":1,"minecraft:yellow_bed":2,"minecraft:cobblestone_wall":2,"minecraft:cobblestone_stairs":37,"minecraft:wooden_hoe":1,"minecraft:apple":6,"minecraft:stone_bricks":132,"minecraft:oak_fence_gate":1,"minecraft:iron_ingot":129,"minecraft:stone_pickaxe":4,"minecraft:cherry_sign":3,"minecraft:stripped_oak_wood":2,"minecraft:book":2,"minecraft:oak_slab":337,"minecraft:dandelion":26,"minecraft:dripstone_block":15,"minecraft:gravel":30,"minecraft:lava_bucket":2,"minecraft:spruce_sapling":1,"minecraft:white_bed":5,"minecraft:spruce_log":100,"minecraft:spider_eye":6,"minecraft:purple_bed":9,"minecraft:stone_axe":6,"minecraft:diamond_axe":8,"minecraft:baked_potato":21,"minecraft:black_wool":1,"minecraft:coal":410,"minecraft:ender_pearl":4},"minecraft:dropped":{"minecraft:glow_ink_sac":5,"minecraft:ender_pearl":1,"minecraft:leather":12,"minecraft:dirt":25,"minecraft:cornflower":3,"minecraft:sand":2,"minecraft:bone":1,"minecraft:oak_door":1,"minecraft:cobbled_deepslate":21,"minecraft:obsidian":2,"minecraft:rotten_flesh":18,"minecraft:golden_shovel":1,"minecraft:azure_bluet":2,"minecraft:white_bed":1,"minecraft:poppy":2,"minecraft:gunpowder":1,"minecraft:arrow":7,"minecraft:netherrack":8,"minecraft:cartography_table":2,"minecraft:egg":1,"minecraft:bread":1,"minecraft:oak_slab":32,"minecraft:wheat_seeds":381,"minecraft:feather":1,"minecraft:cobblestone":18,"minecraft:purple_dye":1,"minecraft:oxeye_daisy":1,"minecraft:brewing_stand":1,"minecraft:ink_sac":1,"minecraft:oak_stairs":10,"minecraft:string":5,"minecraft:dandelion":20,"minecraft:smooth_stone_slab":15,"minecraft:chicken":1,"minecraft:iron_boots":1,"minecraft:glass_pane":32,"minecraft:potato":1,"minecraft:yellow_bed":1,"minecraft:oak_sapling":3,"minecraft:spider_eye":2,"minecraft:diamond_boots":1,"minecraft:stone_pickaxe":1,"minecraft:black_wool":1},"minecraft:used":{"minecraft:beetroot":42,"minecraft:writable_book":2,"minecraft:iron_shovel":3461,"minecraft:spruce_slab":167,"minecraft:ladder":16,"minecraft:poppy":1,"minecraft:oak_sign":12,"minecraft:chest":20,"minecraft:shield":128,"minecraft:bell":2,"minecraft:carrot":235,"minecraft:lava_bucket":16,"minecraft:stone_bricks":79,"minecraft:bedrock":15,"minecraft:oak_sapling":1,"minecraft:furnace":19,"minecraft:beetroot_seeds":313,"minecraft:potato":281,"minecraft:diorite":3,"minecraft:stone_pickaxe":213,"minecraft:oak_planks":281,"minecraft:wooden_pickaxe":59,"minecraft:sugar_cane":80,"minecraft:diamond_axe":2090,"minecraft:sand":18,"minecraft:dripstone_block":2,"minecraft:cobbled_deepslate_stairs":4,"minecraft:bread":71,"minecraft:cherry_sign":3,"minecraft:gravel":14,"minecraft:andesite":2,"minecraft:oak_fence":183,"minecraft:flint_and_steel":9,"minecraft:stone_shovel":263,"minecraft:spruce_planks":64,"minecraft:stone_hoe":147,"minecraft:oak_door":2,"minecraft:torch":75,"minecraft:dirt":2895,"minecraft:spruce_stairs":2,"minecraft:iron_hoe":670,"minecraft:wooden_axe":44,"minecraft:diamond_chestplate":2,"minecraft:golden_carrot":5,"minecraft:cooked_beef":13,"minecraft:cobbled_deepslate":29,"minecraft:wheat_seeds":510,"minecraft:cooked_mutton":5,"minecraft:water_bucket":112,"minecraft:cobblestone_stairs":4,"minecraft:baked_potato":28,"minecraft:cartography_table":2,"minecraft:spruce_sign":14,"minecraft:mossy_cobblestone":1,"minecraft:oak_slab":331,"minecraft:crafting_table":22,"minecraft:white_bed":4,"minecraft:oak_log":174,"minecraft:wooden_hoe":118,"minecraft:diamond_pickaxe":1377,"minecraft:apple":1,"minecraft:iron_pickaxe":484,"minecraft:spruce_sapling":1,"minecraft:stone_axe":525,"minecraft:cobblestone":505,"minecraft:purple_bed":11,"minecraft:cooked_porkchop":7,"minecraft:bucket":132,"minecraft:glass_pane":105,"minecraft:yellow_bed":1}},"DataVersion":4082}