{"stats":{"minecraft:broken":{"minecraft:iron_shovel":1,"minecraft:stone_pickaxe":1,"minecraft:stone_shovel":1},"minecraft:killed_by":{"minecraft:creeper":1,"minecraft:player":1,"minecraft:iron_golem":1},"minecraft:used":{"minecraft:iron_shovel":259,"minecraft:ladder":32,"minecraft:poppy":14,"minecraft:chest":16,"minecraft:shield":18,"minecraft:bell":2,"minecraft:rotten_flesh":4,"minecraft:mutton":2,"minecraft:carrot":2,"minecraft:tuff":4,"minecraft:obsidian":8,"minecraft:grass_block":1,"minecraft:furnace":13,"minecraft:golden_boots":1,"minecraft:diorite":42,"minecraft:diamond_boots":3,"minecraft:stone_pickaxe":302,"minecraft:oak_planks":711,"minecraft:wooden_pickaxe":7,"minecraft:diamond_axe":2164,"minecraft:white_wool":1,"minecraft:sand":2,"minecraft:dripstone_block":15,"minecraft:lightning_rod":3,"minecraft:oak_pressure_plate":2,"minecraft:gravel":40,"minecraft:lilac":1,"minecraft:oak_fence":17,"minecraft:oak_trapdoor":33,"minecraft:flint_and_steel":41,"minecraft:stone_shovel":259,"minecraft:spruce_planks":25,"minecraft:cooked_salmon":61,"minecraft:cooked_chicken":4,"minecraft:oak_door":5,"minecraft:torch":225,"minecraft:dirt":199,"minecraft:white_carpet":24,"minecraft:diamond_helmet":2,"minecraft:yellow_carpet":14,"minecraft:granite":19,"minecraft:wooden_axe":7,"minecraft:oak_stairs":177,"minecraft:diamond_chestplate":2,"minecraft:cooked_beef":14,"minecraft:cobbled_deepslate":299,"minecraft:pointed_dripstone":2,"minecraft:wheat_seeds":1,"minecraft:cooked_mutton":4,"minecraft:cobblestone_stairs":6,"minecraft:birch_planks":85,"minecraft:baked_potato":5,"minecraft:salmon":8,"minecraft:mossy_cobblestone":4,"minecraft:oak_slab":17,"minecraft:tnt":2,"minecraft:crafting_table":19,"minecraft:white_bed":16,"minecraft:oak_log":1,"minecraft:diamond_pickaxe":2786,"minecraft:oxeye_daisy":1,"minecraft:chicken":4,"minecraft:map":1,"minecraft:stone_axe":200,"minecraft:green_carpet":14,"minecraft:cobblestone":929,"minecraft:cooked_porkchop":22,"minecraft:glass_pane":183,"minecraft:yellow_bed":7,"minecraft:stripped_oak_log":4,"minecraft:dandelion":4,"minecraft:diamond_leggings":2},"minecraft:crafted":{"minecraft:oak_planks":548,"minecraft:cooked_chicken":4,"minecraft:lightning_rod":3,"minecraft:cooked_mutton":4,"minecraft:glass":141,"minecraft:diamond_helmet":1,"minecraft:diamond_leggings":1,"minecraft:chest":4,"minecraft:oak_fence":3,"minecraft:golden_boots":3,"minecraft:oak_slab":6,"minecraft:cooked_porkchop":22,"minecraft:diamond_axe":3,"minecraft:map":1,"minecraft:crafting_table":9,"minecraft:spruce_planks":40,"minecraft:wooden_pickaxe":2,"minecraft:baked_potato":5,"minecraft:copper_ingot":59,"minecraft:birch_planks":92,"minecraft:tnt":2,"minecraft:paper":24,"minecraft:diamond_pickaxe":10,"minecraft:shield":1,"minecraft:stick":152,"minecraft:iron_ingot":301,"minecraft:compass":1,"minecraft:gold_ingot":35,"minecraft:stone_shovel":2,"minecraft:furnace":8,"minecraft:yellow_bed":3,"minecraft:oak_trapdoor":2,"minecraft:glass_pane":320,"minecraft:flint_and_steel":1,"minecraft:ladder":21,"minecraft:stone_pickaxe":3,"minecraft:diamond_boots":1,"minecraft:cooked_beef":8,"minecraft:sugar":40,"minecraft:cooked_salmon":68,"minecraft:stone_axe":6,"minecraft:golden_apple":1,"minecraft:wooden_axe":1,"minecraft:oak_stairs":40,"minecraft:iron_shovel":1,"minecraft:iron_leggings":1,"minecraft:white_bed":3,"minecraft:torch":136,"minecraft:diamond_chestplate":1},"minecraft:picked_up":{"minecraft:wheat":5,"minecraft:yellow_wool":9,"minecraft:oak_stairs":179,"minecraft:enchanted_book":2,"minecraft:amethyst_block":33,"minecraft:string":41,"minecraft:raw_copper":91,"minecraft:cooked_salmon":6,"minecraft:diamond_leggings":2,"minecraft:cobbled_deepslate":445,"minecraft:spruce_planks":50,"minecraft:calcite":5,"minecraft:iron_pickaxe":1,"minecraft:furnace":6,"minecraft:stick":22,"minecraft:oak_fence":16,"minecraft:torch":198,"minecraft:porkchop":22,"minecraft:lightning_rod":1,"minecraft:pointed_dripstone":39,"minecraft:diorite":46,"minecraft:rotten_flesh":145,"minecraft:obsidian":8,"minecraft:cobblestone":1152,"minecraft:birch_log":23,"minecraft:magma_block":1,"minecraft:cooked_beef":6,"minecraft:feather":9,"minecraft:lilac":1,"minecraft:water_bucket":1,"minecraft:andesite":4,"minecraft:potato":6,"minecraft:flint":12,"minecraft:tuff":25,"minecraft:lapis_lazuli":287,"minecraft:dirt":473,"minecraft:name_tag":1,"minecraft:glass":4,"minecraft:bone":91,"minecraft:bow":3,"minecraft:wheat_seeds":58,"minecraft:raw_gold":78,"minecraft:bell":2,"minecraft:grindstone":1,"minecraft:diamond_helmet":4,"minecraft:oak_planks":623,"minecraft:cooked_porkchop":14,"minecraft:oak_pressure_plate":4,"minecraft:sand":172,"minecraft:ink_sac":32,"minecraft:grass_block":1,"minecraft:mossy_cobblestone":37,"minecraft:yellow_carpet":14,"minecraft:diamond":111,"minecraft:granite":37,"minecraft:bone_meal":6,"minecraft:netherrack":2,"minecraft:diamond_pickaxe":8,"minecraft:crafting_table":11,"minecraft:azure_bluet":1,"minecraft:chicken":9,"minecraft:ladder":38,"minecraft:clay_ball":40,"minecraft:chest_minecart":1,"minecraft:gold_block":1,"minecraft:shield":4,"minecraft:cornflower":1,"minecraft:oak_trapdoor":32,"minecraft:flint_and_steel":1,"minecraft:white_carpet":24,"minecraft:iron_shovel":2,"minecraft:glass_pane":112,"minecraft:cartography_table":1,"minecraft:beef":8,"minecraft:poppy":19,"minecraft:spruce_slab":192,"minecraft:sugar_cane":70,"minecraft:chest":12,"minecraft:egg":1,"minecraft:raw_iron":350,"minecraft:stone":24,"minecraft:oak_door":9,"minecraft:carrot":1,"minecraft:redstone":297,"minecraft:stone_shovel":2,"minecraft:arrow":63,"minecraft:diamond_chestplate":3,"minecraft:beetroot_seeds":3,"minecraft:diamond_boots":3,"minecraft:gold_ingot":2,"minecraft:tuff_bricks":6,"minecraft:mutton":6,"minecraft:white_wool":14,"minecraft:rail":83,"minecraft:oxeye_daisy":1,"minecraft:stripped_oak_log":12,"minecraft:glow_ink_sac":2,"minecraft:salmon":138,"minecraft:leather":6,"minecraft:birch_planks":17,"minecraft:oak_log":138,"minecraft:golden_boots":1,"minecraft:yellow_bed":6,"minecraft:gunpowder":19,"minecraft:cobblestone_stairs":15,"minecraft:paper":3,"minecraft:apple":1,"minecraft:iron_ingot":82,"minecraft:stone_pickaxe":7,"minecraft:oak_slab":59,"minecraft:pumpkin":4,"minecraft:dandelion":6,"minecraft:dripstone_block":41,"minecraft:gravel":56,"minecraft:spruce_sapling":4,"minecraft:white_bed":15,"minecraft:spruce_log":11,"minecraft:green_carpet":14,"minecraft:spider_eye":7,"minecraft:pumpkin_seeds":4,"minecraft:stone_axe":4,"minecraft:diamond_axe":7,"minecraft:baked_potato":1,"minecraft:chiseled_tuff_bricks":1,"minecraft:coal":346,"minecraft:ender_pearl":2},"minecraft:custom":{"minecraft:interact_with_crafting_table":87,"minecraft:bell_ring":10,"minecraft:leave_game":6,"minecraft:time_since_death":366004,"minecraft:sprint_one_cm":1966641,"minecraft:damage_blocked_by_shield":589,"minecraft:drop":164,"minecraft:talked_to_villager":7,"minecraft:play_time":830091,"minecraft:deaths":5,"minecraft:jump":8626,"minecraft:walk_on_water_one_cm":180997,"minecraft:enchant_item":17,"minecraft:interact_with_furnace":165,"minecraft:sleep_in_bed":17,"minecraft:damage_dealt":55125,"minecraft:player_kills":4,"minecraft:crouch_one_cm":23173,"minecraft:mob_kills":402,"minecraft:interact_with_anvil":14,"minecraft:climb_one_cm":121796,"minecraft:walk_one_cm":2049380,"minecraft:sneak_time":7471,"minecraft:walk_under_water_one_cm":150106,"minecraft:total_world_time":830091,"minecraft:time_since_rest":87591,"minecraft:damage_taken":7138,"minecraft:swim_one_cm":414460,"minecraft:fly_one_cm":1082210,"minecraft:open_chest":245,"minecraft:fall_one_cm":203024},"minecraft:killed":{"minecraft:spider":33,"minecraft:skeleton":57,"minecraft:chicken":8,"minecraft:pig":10,"minecraft:zombie_villager":2,"minecraft:salmon":141,"minecraft:iron_golem":7,"minecraft:creeper":15,"minecraft:sheep":4,"minecraft:donkey":1,"minecraft:zombie":95,"minecraft:cow":4,"minecraft:drowned":4,"minecraft:squid":14,"minecraft:player":1,"minecraft:villager":1},"minecraft:dropped":{"minecraft:diamond_axe":3,"minecraft:lapis_lazuli":57,"minecraft:oak_pressure_plate":1,"minecraft:baked_potato":1,"minecraft:glow_ink_sac":2,"minecraft:diamond":40,"minecraft:leather":6,"minecraft:cobblestone_stairs":5,"minecraft:dirt":199,"minecraft:iron_pickaxe":1,"minecraft:white_wool":1,"minecraft:bone":19,"minecraft:gravel":8,"minecraft:stone_axe":3,"minecraft:chiseled_tuff_bricks":1,"minecraft:cobbled_deepslate":1,"minecraft:wheat":3,"minecraft:pointed_dripstone":28,"minecraft:rotten_flesh":43,"minecraft:grindstone":1,"minecraft:oak_planks":77,"minecraft:white_bed":2,"minecraft:salmon":1,"minecraft:poppy":2,"minecraft:beetroot_seeds":3,"minecraft:spruce_slab":192,"minecraft:cartography_table":1,"minecraft:egg":1,"minecraft:water_bucket":1,"minecraft:enchanted_book":2,"minecraft:golden_boots":1,"minecraft:iron_ingot":78,"minecraft:oak_slab":47,"minecraft:wheat_seeds":22,"minecraft:mossy_cobblestone":18,"minecraft:dripstone_block":9,"minecraft:diamond_leggings":1,"minecraft:cobblestone":6,"minecraft:granite":14,"minecraft:diorite":3,"minecraft:ink_sac":1,"minecraft:wooden_axe":1,"minecraft:cooked_salmon":12,"minecraft:diamond_helmet":2,"minecraft:iron_shovel":2,"minecraft:paper":3,"minecraft:string":17,"minecraft:spruce_sapling":2,"minecraft:raw_copper":11,"minecraft:tuff":20,"minecraft:stone_shovel":1,"minecraft:stripped_oak_log":1,"minecraft:glass_pane":141,"minecraft:potato":1,"minecraft:stone":24,"minecraft:shield":3,"minecraft:diamond_chestplate":1,"minecraft:spruce_planks":41,"minecraft:diamond_pickaxe":6,"minecraft:andesite":4,"minecraft:spider_eye":1,"minecraft:diamond_boots":1,"minecraft:bow":1,"minecraft:stone_pickaxe":4,"minecraft:wooden_pickaxe":2,"minecraft:raw_gold":4,"minecraft:calcite":5},"minecraft:mined":{"minecraft:spruce_planks":5,"minecraft:white_bed":12,"minecraft:cobblestone_stairs":11,"minecraft:obsidian":8,"minecraft:granite":92,"minecraft:budding_amethyst":2,"minecraft:grass_block":126,"minecraft:yellow_carpet":13,"minecraft:oak_pressure_plate":2,"minecraft:chiseled_tuff_bricks":1,"minecraft:oxeye_daisy":1,"minecraft:tuff_bricks":6,"minecraft:tall_seagrass":12,"minecraft:magma_block":1,"minecraft:iron_ore":260,"minecraft:cobbled_deepslate":41,"minecraft:fire":28,"minecraft:pumpkin":5,"minecraft:deepslate_lapis_ore":16,"minecraft:pointed_dripstone":14,"minecraft:dirt_path":3,"minecraft:oak_stairs":161,"minecraft:green_carpet":13,"minecraft:deepslate_redstone_ore":57,"minecraft:powder_snow":9,"minecraft:clay":10,"minecraft:torch":80,"minecraft:calcite":5,"minecraft:poppy":4,"minecraft:chest":12,"minecraft:cobblestone":462,"minecraft:sugar_cane":39,"minecraft:oak_planks":417,"minecraft:wall_torch":68,"minecraft:amethyst_block":34,"minecraft:deepslate_copper_ore":6,"minecraft:seagrass":4,"minecraft:yellow_wool":9,"minecraft:birch_log":24,"minecraft:wheat":3,"minecraft:lilac":2,"minecraft:oak_log":137,"minecraft:sand":164,"minecraft:dirt":294,"minecraft:smooth_basalt":2,"minecraft:netherrack":3,"minecraft:oak_leaves":12,"minecraft:deepslate":439,"minecraft:tuff":21,"minecraft:mossy_cobblestone":26,"minecraft:deepslate_diamond_ore":32,"minecraft:oak_door":5,"minecraft:ladder":3,"minecraft:large_fern":1,"minecraft:redstone_ore":9,"minecraft:oak_trapdoor":32,"minecraft:furnace":6,"minecraft:andesite":19,"minecraft:gold_block":1,"minecraft:bell":2,"minecraft:deepslate_iron_ore":91,"minecraft:rail":75,"minecraft:stripped_oak_log":6,"minecraft:stone":700,"minecraft:white_wool":9,"minecraft:oak_slab":10,"minecraft:glass_pane":34,"minecraft:dandelion":4,"minecraft:oak_fence":15,"minecraft:cornflower":1,"minecraft:crafting_table":11,"minecraft:short_grass":152,"minecraft:lightning_rod":1,"minecraft:tall_grass":21,"minecraft:copper_ore":11,"minecraft:deepslate_coal_ore":5,"minecraft:lapis_ore":24,"minecraft:deepslate_gold_ore":68,"minecraft:diorite":48,"minecraft:birch_planks":17,"minecraft:white_carpet":23,"minecraft:spruce_log":10,"minecraft:yellow_bed":4,"minecraft:coal_ore":307,"minecraft:gravel":62,"minecraft:dripstone_block":37,"minecraft:mossy_stone_bricks":1,"minecraft:gold_ore":6}},"DataVersion":4082}