{"stats":{"minecraft:picked_up":{"minecraft:wheat":5,"minecraft:yellow_wool":9,"minecraft:oak_stairs":179,"minecraft:enchanted_book":2,"minecraft:amethyst_block":33,"minecraft:string":7,"minecraft:raw_copper":91,"minecraft:cooked_salmon":6,"minecraft:diamond_leggings":2,"minecraft:cobbled_deepslate":126,"minecraft:spruce_planks":50,"minecraft:calcite":5,"minecraft:furnace":6,"minecraft:stick":22,"minecraft:oak_fence":14,"minecraft:torch":167,"minecraft:porkchop":22,"minecraft:lightning_rod":1,"minecraft:pointed_dripstone":32,"minecraft:diorite":40,"minecraft:rotten_flesh":124,"minecraft:cobblestone":1084,"minecraft:feather":9,"minecraft:lilac":1,"minecraft:water_bucket":1,"minecraft:andesite":4,"minecraft:potato":6,"minecraft:flint":10,"minecraft:tuff":5,"minecraft:lapis_lazuli":287,"minecraft:dirt":445,"minecraft:glass":4,"minecraft:bone":63,"minecraft:wheat_seeds":45,"minecraft:raw_gold":26,"minecraft:bell":2,"minecraft:grindstone":1,"minecraft:diamond_helmet":4,"minecraft:oak_planks":621,"minecraft:cooked_porkchop":14,"minecraft:oak_pressure_plate":4,"minecraft:sand":172,"minecraft:ink_sac":32,"minecraft:grass_block":1,"minecraft:mossy_cobblestone":37,"minecraft:yellow_carpet":14,"minecraft:diamond":87,"minecraft:granite":27,"minecraft:bone_meal":6,"minecraft:diamond_pickaxe":7,"minecraft:crafting_table":11,"minecraft:chicken":9,"minecraft:ladder":38,"minecraft:clay_ball":40,"minecraft:shield":3,"minecraft:oak_trapdoor":32,"minecraft:flint_and_steel":1,"minecraft:white_carpet":24,"minecraft:iron_shovel":2,"minecraft:glass_pane":112,"minecraft:cartography_table":1,"minecraft:beef":8,"minecraft:poppy":18,"minecraft:spruce_slab":192,"minecraft:sugar_cane":70,"minecraft:chest":12,"minecraft:egg":1,"minecraft:raw_iron":308,"minecraft:oak_door":9,"minecraft:carrot":1,"minecraft:redstone":137,"minecraft:stone_shovel":2,"minecraft:arrow":36,"minecraft:diamond_chestplate":3,"minecraft:beetroot_seeds":3,"minecraft:diamond_boots":3,"minecraft:mutton":6,"minecraft:white_wool":14,"minecraft:oxeye_daisy":1,"minecraft:stripped_oak_log":12,"minecraft:salmon":134,"minecraft:leather":6,"minecraft:oak_log":118,"minecraft:yellow_bed":6,"minecraft:gunpowder":15,"minecraft:cobblestone_stairs":15,"minecraft:paper":3,"minecraft:iron_ingot":77,"minecraft:stone_pickaxe":6,"minecraft:oak_slab":59,"minecraft:pumpkin":4,"minecraft:dandelion":5,"minecraft:dripstone_block":32,"minecraft:gravel":48,"minecraft:spruce_sapling":4,"minecraft:white_bed":15,"minecraft:spruce_log":11,"minecraft:green_carpet":14,"minecraft:spider_eye":4,"minecraft:stone_axe":4,"minecraft:diamond_axe":7,"minecraft:coal":317,"minecraft:ender_pearl":2},"minecraft:killed_by":{"minecraft:creeper":1,"minecraft:player":1,"minecraft:iron_golem":1},"minecraft:broken":{"minecraft:iron_shovel":1,"minecraft:stone_pickaxe":1,"minecraft:stone_shovel":1},"minecraft:killed":{"minecraft:spider":17,"minecraft:skeleton":30,"minecraft:chicken":8,"minecraft:pig":10,"minecraft:zombie_villager":1,"minecraft:salmon":137,"minecraft:iron_golem":6,"minecraft:creeper":11,"minecraft:sheep":4,"minecraft:donkey":1,"minecraft:zombie":73,"minecraft:cow":4,"minecraft:drowned":4,"minecraft:squid":14,"minecraft:villager":1},"minecraft:used":{"minecraft:iron_shovel":259,"minecraft:poppy":14,"minecraft:ladder":32,"minecraft:shield":15,"minecraft:chest":15,"minecraft:bell":2,"minecraft:mutton":2,"minecraft:carrot":2,"minecraft:tuff":4,"minecraft:grass_block":1,"minecraft:furnace":13,"minecraft:golden_boots":1,"minecraft:diorite":36,"minecraft:diamond_boots":3,"minecraft:stone_pickaxe":302,"minecraft:oak_planks":709,"minecraft:wooden_pickaxe":7,"minecraft:diamond_axe":1723,"minecraft:white_wool":1,"minecraft:sand":2,"minecraft:dripstone_block":15,"minecraft:lightning_rod":3,"minecraft:oak_pressure_plate":2,"minecraft:gravel":40,"minecraft:lilac":1,"minecraft:oak_trapdoor":33,"minecraft:oak_fence":17,"minecraft:flint_and_steel":30,"minecraft:stone_shovel":234,"minecraft:spruce_planks":25,"minecraft:cooked_salmon":61,"minecraft:oak_door":5,"minecraft:torch":200,"minecraft:dirt":191,"minecraft:white_carpet":24,"minecraft:diamond_helmet":2,"minecraft:yellow_carpet":14,"minecraft:granite":19,"minecraft:wooden_axe":7,"minecraft:oak_stairs":175,"minecraft:diamond_chestplate":2,"minecraft:cooked_beef":4,"minecraft:cobbled_deepslate":75,"minecraft:pointed_dripstone":2,"minecraft:wheat_seeds":1,"minecraft:cobblestone_stairs":6,"minecraft:baked_potato":5,"minecraft:salmon":8,"minecraft:mossy_cobblestone":4,"minecraft:tnt":2,"minecraft:oak_slab":17,"minecraft:crafting_table":15,"minecraft:white_bed":16,"minecraft:oak_log":1,"minecraft:diamond_pickaxe":1952,"minecraft:oxeye_daisy":1,"minecraft:chicken":4,"minecraft:map":1,"minecraft:stone_axe":200,"minecraft:green_carpet":14,"minecraft:cobblestone":885,"minecraft:cooked_porkchop":22,"minecraft:glass_pane":183,"minecraft:yellow_bed":7,"minecraft:stripped_oak_log":4,"minecraft:dandelion":4,"minecraft:diamond_leggings":2},"minecraft:crafted":{"minecraft:oak_planks":468,"minecraft:cooked_chicken":4,"minecraft:lightning_rod":3,"minecraft:glass":141,"minecraft:diamond_helmet":1,"minecraft:diamond_leggings":1,"minecraft:chest":3,"minecraft:oak_fence":3,"minecraft:golden_boots":3,"minecraft:oak_slab":6,"minecraft:cooked_porkchop":22,"minecraft:diamond_axe":3,"minecraft:map":1,"minecraft:crafting_table":5,"minecraft:spruce_planks":40,"minecraft:wooden_pickaxe":2,"minecraft:baked_potato":5,"minecraft:copper_ingot":23,"minecraft:tnt":2,"minecraft:paper":24,"minecraft:diamond_pickaxe":4,"minecraft:shield":1,"minecraft:stick":128,"minecraft:iron_ingot":109,"minecraft:compass":1,"minecraft:gold_ingot":26,"minecraft:stone_shovel":2,"minecraft:furnace":8,"minecraft:yellow_bed":3,"minecraft:oak_trapdoor":2,"minecraft:glass_pane":320,"minecraft:flint_and_steel":1,"minecraft:ladder":21,"minecraft:stone_pickaxe":3,"minecraft:diamond_boots":1,"minecraft:cooked_beef":8,"minecraft:sugar":40,"minecraft:cooked_salmon":68,"minecraft:stone_axe":6,"minecraft:oak_stairs":40,"minecraft:wooden_axe":1,"minecraft:iron_shovel":1,"minecraft:iron_leggings":1,"minecraft:white_bed":3,"minecraft:torch":136,"minecraft:diamond_chestplate":1},"minecraft:custom":{"minecraft:interact_with_crafting_table":80,"minecraft:bell_ring":10,"minecraft:leave_game":5,"minecraft:time_since_death":258308,"minecraft:sprint_one_cm":1605196,"minecraft:damage_blocked_by_shield":544,"minecraft:drop":142,"minecraft:talked_to_villager":7,"minecraft:play_time":722395,"minecraft:deaths":5,"minecraft:jump":6895,"minecraft:walk_on_water_one_cm":160774,"minecraft:enchant_item":11,"minecraft:interact_with_furnace":151,"minecraft:sleep_in_bed":16,"minecraft:damage_dealt":40074,"minecraft:player_kills":3,"minecraft:crouch_one_cm":18078,"minecraft:interact_with_anvil":4,"minecraft:mob_kills":325,"minecraft:climb_one_cm":113724,"minecraft:walk_one_cm":1733190,"minecraft:sneak_time":6055,"minecraft:walk_under_water_one_cm":142543,"minecraft:total_world_time":722395,"minecraft:time_since_rest":7049,"minecraft:damage_taken":6097,"minecraft:swim_one_cm":380895,"minecraft:fly_one_cm":882710,"minecraft:open_chest":204,"minecraft:fall_one_cm":168928},"minecraft:dropped":{"minecraft:diamond_axe":3,"minecraft:lapis_lazuli":57,"minecraft:oak_pressure_plate":1,"minecraft:diamond":40,"minecraft:leather":3,"minecraft:cobblestone_stairs":5,"minecraft:dirt":180,"minecraft:white_wool":1,"minecraft:bone":19,"minecraft:stone_axe":3,"minecraft:cobbled_deepslate":1,"minecraft:wheat":3,"minecraft:pointed_dripstone":21,"minecraft:rotten_flesh":37,"minecraft:grindstone":1,"minecraft:oak_planks":77,"minecraft:white_bed":2,"minecraft:salmon":1,"minecraft:poppy":2,"minecraft:beetroot_seeds":3,"minecraft:spruce_slab":192,"minecraft:cartography_table":1,"minecraft:egg":1,"minecraft:water_bucket":1,"minecraft:enchanted_book":2,"minecraft:iron_ingot":78,"minecraft:oak_slab":47,"minecraft:wheat_seeds":22,"minecraft:mossy_cobblestone":18,"minecraft:diamond_leggings":1,"minecraft:cobblestone":6,"minecraft:granite":4,"minecraft:diorite":3,"minecraft:ink_sac":1,"minecraft:wooden_axe":1,"minecraft:cooked_salmon":12,"minecraft:diamond_helmet":2,"minecraft:iron_shovel":2,"minecraft:paper":3,"minecraft:string":2,"minecraft:spruce_sapling":2,"minecraft:raw_copper":11,"minecraft:stone_shovel":1,"minecraft:stripped_oak_log":1,"minecraft:glass_pane":141,"minecraft:potato":1,"minecraft:shield":2,"minecraft:diamond_chestplate":1,"minecraft:spruce_planks":41,"minecraft:diamond_pickaxe":5,"minecraft:andesite":4,"minecraft:spider_eye":1,"minecraft:diamond_boots":1,"minecraft:stone_pickaxe":3,"minecraft:wooden_pickaxe":2,"minecraft:calcite":5},"minecraft:mined":{"minecraft:spruce_planks":5,"minecraft:white_bed":12,"minecraft:cobblestone_stairs":11,"minecraft:granite":55,"minecraft:budding_amethyst":2,"minecraft:grass_block":115,"minecraft:yellow_carpet":13,"minecraft:oak_pressure_plate":2,"minecraft:oxeye_daisy":1,"minecraft:tall_seagrass":11,"minecraft:cobbled_deepslate":4,"minecraft:iron_ore":247,"minecraft:fire":25,"minecraft:pumpkin":5,"minecraft:deepslate_lapis_ore":16,"minecraft:pointed_dripstone":12,"minecraft:dirt_path":3,"minecraft:oak_stairs":161,"minecraft:green_carpet":13,"minecraft:deepslate_redstone_ore":22,"minecraft:powder_snow":9,"minecraft:clay":10,"minecraft:torch":69,"minecraft:poppy":4,"minecraft:calcite":5,"minecraft:chest":12,"minecraft:cobblestone":461,"minecraft:sugar_cane":39,"minecraft:oak_planks":415,"minecraft:wall_torch":63,"minecraft:amethyst_block":34,"minecraft:deepslate_copper_ore":6,"minecraft:seagrass":4,"minecraft:yellow_wool":9,"minecraft:wheat":3,"minecraft:lilac":2,"minecraft:oak_log":117,"minecraft:sand":164,"minecraft:dirt":288,"minecraft:smooth_basalt":2,"minecraft:oak_leaves":10,"minecraft:deepslate":124,"minecraft:tuff":5,"minecraft:mossy_cobblestone":26,"minecraft:deepslate_diamond_ore":8,"minecraft:oak_door":5,"minecraft:ladder":3,"minecraft:large_fern":1,"minecraft:redstone_ore":9,"minecraft:oak_trapdoor":32,"minecraft:furnace":6,"minecraft:andesite":4,"minecraft:bell":2,"minecraft:deepslate_iron_ore":62,"minecraft:stripped_oak_log":6,"minecraft:stone":583,"minecraft:white_wool":9,"minecraft:oak_slab":10,"minecraft:glass_pane":34,"minecraft:dandelion":3,"minecraft:oak_fence":14,"minecraft:crafting_table":11,"minecraft:short_grass":78,"minecraft:lightning_rod":1,"minecraft:copper_ore":11,"minecraft:tall_grass":17,"minecraft:deepslate_coal_ore":5,"minecraft:lapis_ore":24,"minecraft:deepslate_gold_ore":20,"minecraft:diorite":42,"minecraft:white_carpet":23,"minecraft:spruce_log":10,"minecraft:yellow_bed":4,"minecraft:coal_ore":278,"minecraft:gravel":52,"minecraft:dripstone_block":28,"minecraft:gold_ore":6}},"DataVersion":4082}